MINISTRY,DEPARTMENT,PRIORITY VACANT POSTS,POST NUMBER,SALARY SCALE,ANNUAL SALARY,RECRUITMENT STATUS,,,,,,,,,,Status 
MALFB,CSU,Manager Compliance & Policy,7006,PSL 3.1,2390000,Unknown Status,,,,,,,,,,Vacant 
MALFB,CSU,Manager PMU,7011,PSS 6.1,2577000,Unknown Status,,,,,,,,,,Advertisement 
MALFB,CSU,Sectoral Development Coordinator,7003,PSL 4.1,2893000,Unknown Status,,,,,,,,,,Recruitment Process
MALFB,CSU,Senior M&E,7010,PSS 6.1,2577000,Unknown Status,,,,,,,,,,Awaits Commission Decision 
MALFB,CSU,Manager EP&S Unit,7008,PSS 6.1,2577000,Unknown Status,,,,,,,,,,Occupied (Acting)
MALFB,DOF,SFO Compliance Officer – ,7405,PST 2.6,2114000,Unknown Status,,,,,,,,,,Occupied (Contract)
MALFB,DOF,SFO Research Officer – ,7408,PSS 4.5,1662000,Unknown Status,,,,,,,,,,Filled
MALFB,DOF,SFO Malampa – ,7410,PSS 4.5,1662000,Unknown Status,,,,,,,,,,Filled (Internship)
MALFB,DOF,SFO Shefa,7411,PSS 4.5,1662000,Unknown Status,,,,,,,,,,Filled (Temporary)
MALFB,DOF,SFO Tafea,7412,PSS 4.5,1662000,Unknown Status,,,,,,,,,,
MALFB,DOF,SFO Penama,7413,PSS 4.5,1662000,Unknown Status,,,,,,,,,,
MALFB,DOF,SFO Sanma,7414,PSS 4.5,1662000,Unknown Status,,,,,,,,,,
MALFB,DOF,SFO Torba,7415,PSS 4.5,1662000,Unknown Status,,,,,,,,,,
MALFB,DOF,FO Tree improvement,7420,PSS 4.1,1400000,Unknown Status,,,,,,,,,,
MALFB,DOF,FO Tree improvement,7421,PSS 4.1,1400000,Unknown Status,,,,,,,,,,
MALFB,DOF,FO Timber inspector,7422,PSS 4.1,1400000,Unknown Status,,,,,,,,,,
MALFB,DOF,FO Timber inspector,7423,PSS 4.1,1400000,Unknown Status,,,,,,,,,,
MALFB,DOF,FO Shefa,7428,PSS 4.1,1400000,Unknown Status,,,,,,,,,,
MALFB,DOF,FO Shefa,7429,PSS 4.1,1400000,Unknown Status,,,,,,,,,,
MALFB,DOF,FO Penama,7431,PSS 3.1  ,1209000,Unknown Status,,,,,,,,,,
MALFB,DOF,FO Sanma,7432,PSS 4.1,1400000,Unknown Status,,,,,,,,,,
MALFB,DOF,FO Assistant Shefa,7442,PSS1.9  ,1002000,Unknown Status,,,,,,,,,,
MALFB,DOF,FO Assistant Tafea,7444,PSS 3.1,1209000,Unknown Status,,,,,,,,,,
MALFB,DOF,FO Assistant Penama,7446,PSS 3.1,1209000,Unknown Status,,,,,,,,,,
MALFB,DOF ,FO Assistant Sanma ,7447,PSS 3.1 ,1209000,Unknown Status,,,,,,,,,,
MALFB,DOF ,FO Assistant Torba ,7450,PSS 3.1 ,1209000,Unknown Status,,,,,,,,,,
MALFB,DOF ,Handyman- Vila ,7456,PSO 1.1 ,652000,Unknown Status,,,,,,,,,,
MALFB,DOF ,Handyman- Luganville ,,PSO 1.1 ,652000,Unknown Status,,,,,,,,,,
MALFB,DoB ,Senior Veterinary officer ,49007604,Contract ,NA ,Unknown Status,,,,,,,,,,
MALFB,DoB ,Senior Compliance officer  ,49007606,PSS 5.5 ,2250000,Unknown Status,,,,,,,,,,
MALFB,DoB ,Assistant Meat Inspector  ,49007627,PSO 5.3 ,1702000,Unknown Status,,,,,,,,,,
MALFB,DoB ,Plant Health Inspector (Ent)  ,49007629,PSO 4.7 ,1407000,Unknown Status,,,,,,,,,,
MALFB,DoB ,Assistant Border officer ,49007634,PSS 4.5 ,1662000,Unknown Status,,,,,,,,,,
MALFB,DoB ,Assistant Border officer ,49007635,PSS 4.5 ,1662000,Unknown Status,,,,,,,,,,
MALFB,DoB ,Assistant Border officer ,49007636,PSS 4.5 ,1662000,Unknown Status,,,,,,,,,,
MALFB,DoB ,Technical Assistant Border officer ,49007647,PSS 4.1 ,1400000,Unknown Status,,,,,,,,,,
MALFB,DoB ,Cleaner (n) ,49007655,PSS 2.5 ,1101000,Unknown Status,,,,,,,,,,
MALFB,DoL ,Animal Health Officer-Lakatoro ,7685,PS 7.1 ,2202300,Unknown Status,,,,,,,,,,
MALFB,DoL ,Livestock Officer-Malampa ,7698,PS 6.1 ,1906500,Unknown Status,,,,,,,,,,
MALFB,DoL ,Assistant Livestock Officer-S/W BAY ,7719,PS 5.1 ,1513100,Unknown Status,,,,,,,,,,
MALFB,DoL ,Assistant Livestock Officer-W/Ambrym ,7720,PS 5.1 ,1513100,Unknown Status,,,,,,,,,,
MALFB,DoL ,Livestock Support Officer-N/West A ,7740,PS 4.1 ,1195500,Unknown Status,,,,,,,,,,
MALFB,DoL ,Livestock Support Officer-N/West B ,7741,PS 4.1 ,1195500,Unknown Status,,,,,,,,,,
MALFB,DoL ,Livestock Support Officer-Lamap ,7742,PS 4.1 ,1195500,Unknown Status,,,,,,,,,,
MALFB,DoL ,Livestock Support Officer-SE Malekula ,7743,PS 4.1 ,1195500,Unknown Status,,,,,,,,,,
MALFB,DoL ,Livestock Support Officer-S/East Ambrym ,7744,PS 4.1 ,1195500,Unknown Status,,,,,,,,,,
MALFB,DoL ,Livestock Support Officer-Nembul -N/A ,7745,PS 4.1 ,1195500,Unknown Status,,,,,,,,,,
MALFB,DoL ,Small Livestock Nursery Officer-Lakatoro ,7761,PS 3.1 ,1001300,Unknown Status,,,,,,,,,,
MALFB,DoL ,Principal Livestock Officer-Torba ,7675,PS 8.1 ,2693000,Unknown Status,,,,,,,,,,
MALFB,DoL ,Animal Health Officer-Sola ,7686,PS 7.1 ,2202300,Unknown Status,,,,,,,,,,
MALFB,DoL ,Livestock Support Officer-Loh ,7746,PS 4.1 ,1195500,Unknown Status,,,,,,,,,,
MALFB,DoL ,Livestock Support Officer-Ureparapara ,7747,PS 4.1 ,1195500,Unknown Status,,,,,,,,,,
MALFB,DoL ,Livestock Support Officer-Vanualava ,7748,PS 4.1 ,1195500,Unknown Status,,,,,,,,,,
MALFB,DoL ,Small Livestock Nursey Off-Sola ,7762,PS 3.1 ,1001300,Unknown Status,,,,,,,,,,
MALFB,DoL ,Animal Health Officer-Penama ,7687,PS 7.1 ,2202300,Unknown Status,,,,,,,,,,
MALFB,DoL ,Livestock Support Officer-Abwantuntora ,7749,PS 4.1 ,1195500,Unknown Status,,,,,,,,,,
MALFB,DoL ,Small Livestock Nursery Off-Saratamata ,7763,PS 3.1 ,1001300,Unknown Status,,,,,,,,,,
MALFB,DARD ,Principal Admin & Finance Officer ,7811,PSS 6.1 ,2577000,Unknown Status,,,,,,,,,,
MALFB,DARD ,Receptionist  ,7999,PSS 2.1 ,1015000,Unknown Status,,,,,,,,,,
MALFB,DARD ,Driver - North ,8000,PSS 1.1 ,652000,Unknown Status,,,,,,,,,,
MALFB,DARD ,Root Crop Specialist ,7825,PST 3.1 ,2510000,Unknown Status,,,,,,,,,,
MALFB,DARD ,Coconut Officer ,7869,PSS 5.1 ,198900,Unknown Status,,,,,,,,,,
MALFB,DARD ,Root CroPSOfficer ,7872,PSS 5.1 ,198900,Unknown Status,,,,,,,,,,
MALFB,DARD ,Permit Officer  ,7874,PSS 4.1 ,1400000,Unknown Status,,,,,,,,,,
MALFB,DARD ,Data Clerk ,7944,PSS 3.1 ,1209000,Unknown Status,,,,,,,,,,
MALFB,DARD ,PADO Penama ,7828,PST 3.1 ,2510000,Unknown Status,,,,,,,,,,
MALFB,DARD ,SADO - Santo ,7849,PSS 5.1 ,1989000,Unknown Status,,,,,,,,,,
MALFB,DARD ,SADO - Banks ,7847,PSS 5.1 ,1989000,Unknown Status,,,,,,,,,,
MALFB,DARD ,Principal Commercial & Agriculture Officer ,7808,PSS 6.1 ,2577000,Unknown Status,,,,,,,,,,
MALFB,DARD ,Principal Policy and Planning Officer ,7807,PSS 6.1 ,2577000,Unknown Status,,,,,,,,,,
MALFB,DARD ,Senior Data & Monitoring Officer ,7830,PSS 5.1 ,1989000,Unknown Status,,,,,,,,,,
MALFB,DARD ,Senior Agriculture Economist ,7831,PSS 5.1 ,1989000,Unknown Status,,,,,,,,,,
MALFB,DARD ,Permit Officer ,7875,PSS 4.1 ,1400000,Unknown Status,,,,,,,,,,
MFAICET,Foreign Affairs ,Head Asia Pacific Division ,,PSL 5.1,3397000,Recruitment Process,,,,,,,,,,
MFAICET,Foreign Affairs ,Senior Protocol and Consular Officer ,,PSS 5.1,1989000,Recruitment Process,,,,,,,,,,
MFAICET,Foreign Affairs ,Senior Desk Officer ,,PsS 5.1,1989000,Recruitment Process,,,,,,,,,,
MFAICET,Foreign Affairs ,Senior Desk Officer ,,PsS 5.1,1989000,Recruitment Process,,,,,,,,,,
MFAICET,Foreign Affairs ,Desk Officer ,,PsS 4.1,1400000,Recruitment Process,,,,,,,,,,
MFOMA,Fisheries Department ,Manager Compliance & Enforcement ,48007202,PSL 4.1,2893000,Vacant ,,,,,,,,,,
MFOMA,Fisheries Department ,Manager Development and Capture,48007203,PSL 4.1,2893000,Vacant ,,,,,,,,,,
MFOMA,Fisheries Department ,Principal Development Officer-South ,48007209,PSS 5.1,1989000,Vacant ,,,,,,,,,,
MFOMA,Fisheries Department ,Aquaculture Officer-South ,48007224,PSS 4.1,1400000,Vacant ,,,,,,,,,,
MFOMA,Fisheries Department ,Aquaculture Officer-North ,48007225,PSS 4.1,1400000,Vacant ,,,,,,,,,,
MFOMA,Fisheries Department ,Finance & Admin Officer Santo ,48007232,PSS 4.1,1400000,Vacant ,,,,,,,,,,
MFOMA,Fisheries Department ,Fisheries Development Officer Sanma ,48007233,PSS 4.1,1400000,Vacant ,,,,,,,,,,
MFOMA,Fisheries Department ,Skipper/Engineer ,48007236,PSS 3.1,1209000,Vacant ,,,,,,,,,,
MFOMA,Fisheries Department ,Observer Port Sampler ,48007237,PSS 2.1,1015000,Vacant ,,,,,,,,,,
MFOMA,Fisheries Department ,Observer Debriefer 1,48007238,PSS 2.9,1187000,Vacant ,,,,,,,,,,
MFOMA,Fisheries Department ,Boat Builder 3,48007246,PSS 2.1,1015000,Vacant ,,,,,,,,,,
MFOMA,Fisheries Department ,Handyman/Driver Santo ,48007251,PSS 2.1,1015000,Vacant ,,,,,,,,,,
MFOMA,Fisheries Department ,Principal Fisheries Officer International,48007255,PST 2.8,2312000,Vacant ,,,,,,,,,,
MFOMA,Fisheries Department ,Senior Authorised Verification Officer Santo ,48007263,PSS 4.5,1662000,Vacant ,,,,,,,,,,
MFOMA,Fisheries Department ,Authorization Officer Certification Santo ,48007267,PSS 4.1,1400000,Vacant ,,,,,,,,,,
MFOMA,Fisheries Department ,Authorization Officer Verification Officer Santo,48007268,PSS 4.1,1400000,Vacant ,,,,,,,,,,
MFOMA,Fisheries Department ,Principal Authorized Verification Officer Vila ,48007271,PSS 5.2,2054000,Vacant ,,,,,,,,,,
MFOMA,Fisheries Department ,Authorised Officer Verification Vila ,48007273,PSS 4.1,1400000,Vacant ,,,,,,,,,,
MFOMA,Fisheries Department ,Seafood Data Entry Clerk Vila ,48007277,PSS 2.1,1015000,Vacant ,,,,,,,,,,
MOCCA,NDMO,Clerical Officer ,17000736,PSS 3.1,1209000,Unknown Status,,,,,,,,,,
MOCCA,NDMO,Infornmation Management and Data Officer ,17006982,PSS 4.9,1924000,Unknown Status,,,,,,,,,,
MOCCA,Energy ,Infornmation and Communications Officer ,,PSS 3.1,1209000,Unknown Status,,,,,,,,,,
MOCCA,Energy ,Driver Messenger ,,PSS 1.4,783000,Unknown Status,,,,,,,,,,
MOCCA,Energy ,"Management Administration, Finance & Procurement ",,PSS 5.8,2447000,Unknown Status,,,,,,,,,,
MOCCA,Energy ,Sanma Provincial Energy Officer ,,PST 2.4,1917000,Unknown Status,,,,,,,,,,
MOCCA,Environment ,"Senior Finance, Administration and Support Officer ",640006934,PSS 4.9,1924000,Unknown Status,,,,,,,,,,
MOCCA,Environment ,Principal Education & Extension Officer ,640005471,PSS 5.5,2250000,Unknown Status,,,,,,,,,,
MOCCA,Vanuatu Meteorological Service ,Deputy Director ,6801,DIR 1.1,3968600,Unknown Status,,,,,,,,,,
MOCCA,Vanuatu Meteorological Service ,Communication & Public Relations Officer ,6837,PSS 4.4,1597000,Unknown Status,,,,,,,,,,
MOCCA,Vanuatu Meteorological Service ,Executive Assistant ,6838,PSS 1.9,1002000,Unknown Status,,,,,,,,,,
MOCCA,Vanuatu Meteorological Service ,Senior Climatologist ,6839,PSS 5.1,1989000,Unknown Status,,,,,,,,,,
MOCCA,Vanuatu Meteorological Service ,Weather Forecaster ,6847,PSS 4.6,1727000,Unknown Status,,,,,,,,,,
MOCCA,Vanuatu Meteorological Service ,Climatologists Rain,6854,PSS 4.1,1400000,Unknown Status,,,,,,,,,,
MOCCA,Vanuatu Meteorological Service ,Senior Met Officer Lamap,6864,PSS 4.4,1597000,Unknown Status,,,,,,,,,,
MOCCA,Vanuatu Meteorological Service ,Weather Observer ,6873,PSS 3.4,1273000,Unknown Status,,,,,,,,,,
MOCCA,Vanuatu Meteorological Service ,Weather Observer ,6880,PSS 3.4,1273000,Unknown Status,,,,,,,,,,
MOCCA,Vanuatu Meteorological Service ,Weather Observer ,,PSS 3.4,1273000,Unknown Status,,,,,,,,,,
MOCCA,Vanuatu Meteorological Service ,Rainfall Collector ,,,,Unknown Status,,,,,,,,,,
MOCCA,Geo-Hazards,Finance & Admin,,PSS 4.2,1466000,Unknown Status,,,,,,,,,,
MOCCA,Geo-Hazards,Director ,,DIR 1.1,3968600,Unknown Status,,,,,,,,,,
MOCCA,Corporate Service Unit ,Internal Audit ,7007,PSS 5.5,2250000,Unknown Status,,,,,,,,,,
MOCCA,Climate Change ,Senior Officer Adaptation & DRM ,7022,PSS 4.8,1858000,Unknown Status,,,,,,,,,,
MIPU,PWD HQ,Receptionist/Filing Clerk ,78006130,PS 3.1 ,1001300,Filled,,,,,,,,,,
MIPU,PWD HQ,Senior Admin & HRO ,78006163,PS 6.1  ,1906500,Filled,,,,,,,,,,
MIPU,PWD HQ,Division Engineer (Torba) ,78006187,PS 8.1 ,2693000,Vacant ,,,,,,,,,,
MIPU,PWD HQ,Foreman Sealed Roads ,78006305,PS 5.1 ,1513100,Vacant ,,,,,,,,,,
MIPU,PWD HQ,Division Engineer ,78006601,PS 8.1 ,2693000,Vacant ,,,,,,,,,,
MIPU,PWD HQ,Principal Engineer ,78006108,PS 8.1 ,2693000,Vacant ,,,,,,,,,,
MIPU,PWD HQ,Principal Surveyor ,78006184,PS 8.1 ,2693000,Vacant ,,,,,,,,,,
MIPU,PWD HQ,Foreman Sealed Roads ,78006305,PS 5.1 ,1513100,Vacant ,,,,,,,,,,
MIPU,PWD HQ,Principal Project Engineer Civil & Building ,78006113,PS 8.1 ,2693000,Filled,,,,,,,,,,
MIPU,PWD HQ,Architect South ,78006122,PS 7.1 ,2202300,Vacant ,,,,,,,,,,
MIPU,PWD HQ,Draftsman South  ,78006174,PS 6.1 ,1906500,Filled,,,,,,,,,,
MIPU,PWD HQ,Lab Technician North  ,78006792,PS 5.1 ,1513100,Vacant ,,,,,,,,,,
MIPU,PWD HQ,Laboratory Admin  ,78006181,PS 3.1 ,1001300,Vacant ,,,,,,,,,,
MIPU,PWD HQ,Lab Technician South  ,78006182,PS 5.1 ,1573600,Vacant ,,,,,,,,,,
MIPU,PWD HQ,Snr Store man South ,78006223,PS 4.6 ,1434600,Filled,,,,,,,,,,
MIPU,PWD HQ,Procurement Officer South ,78006710,PS 4.1 ,1195500,Vacant ,,,,,,,,,,
MIPU,PWD HQ,Workshop Admin Officer ,78006171,PS 3.1 ,1001300,Vacant ,,,,,,,,,,
MIPU,PWD HQ,Road Compliance Officers  ,78006135,PS 5.1   ,1513100,Vacant ,,,,,,,,,,
MIPU,PWD HQ,Provincial Safeguard Officer ,78006146,PS 5.1 ,1513100,Vacant ,,,,,,,,,,
MIPU,PWD HQ,Road Worthiness Casual ,78006157,PS 4.1 ,1195500,Vacant ,,,,,,,,,,
MIPU,PWD Shefa,Site Inspector Rural  ,78006228,PS 5.1   ,1513100,Vacant ,,,,,,,,,,
MIPU,PWD Shefa,Site Inspector Sealed ,78006232,PS 5.1   ,1513100,Vacant ,,,,,,,,,,
MIPU,PWD Shefa,Grounds Man ,78006235,PS 3.1   ,1001300,Vacant ,,,,,,,,,,
MIPU,PWD Sanma,Foreman Roads ,78006304,PS 5.1   ,1513100,Vacant ,,,,,,,,,,
MIPU,PWD Sanma,Site Inspector Rural  ,78006330,PS 5.1   ,1513100,Vacant ,,,,,,,,,,
MIPU,PWD Sanma,Site Inspector Urban ,78006334,PS 5.1   ,1513100,Vacant ,,,,,,,,,,
MIPU,PWD Sanma,Grounds Man ,78006339,PS 3.1   ,1001300,Vacant ,,,,,,,,,,
MIPU,PWD Malampa,Foreman Roads ,78006405,PS 5.1   ,1513100,Vacant ,,,,,,,,,,
MIPU,PWD Malampa,Site Inspector Rural  ,78006426,PS 5.1   ,1513100,Vacant ,,,,,,,,,,
MIPU,PWD Malampa,Grounds Man ,78006433,PS 3.1   ,1001300,Vacant ,,,,,,,,,,
MIPU,PWD Malampa,Site Inspector Sealed ,78006430,PS 5.1   ,1513100,Vacant ,,,,,,,,,,
MIPU,PWD Tafea,Foreman Roads ,78006505,PS 5.1   ,1513100,Vacant ,,,,,,,,,,
MIPU,PWD Tafea,Divisional Manager (Tafea)                                                        ,78006500,PS 8.1 ,2693000,Vacant ,,,,,,,,,,
MIPU,PWD Tafea,Finance Officer                                                                  ,78006519,PS 5.2 ,1573600,Vacant ,,,,,,,,,,
MIPU,PWD Tafea,Site Inspector Rural  ,78006530,PS 5.1   ,1513100,Vacant ,,,,,,,,,,
MIPU,PWD Tafea,Grounds Man ,78006535,PS 3.1   ,1001300,Vacant ,,,,,,,,,,
MIPU,PWD Tafea,Site Inspector Sealed ,78006532,PS 5.1   ,1513100,Vacant ,,,,,,,,,,
MIPU,PWD Penama ,Qualified Operator                                                            ,78006608,PS 4.3   ,1291200,Vacant ,,,,,,,,,,
MIPU,PWD Penama ,Qualified Operator                                                            ,78006610,PS 4.3   ,1291200,Vacant ,,,,,,,,,,
MIPU,PWD Penama ,Grounds Man ,78006626,PS 3.1   ,1001300,Vacant ,,,,,,,,,,
MIPU,PWD Torba ,Qualified Operator                                                            ,78006704,PS 4.3   ,1291200,Vacant ,,,,,,,,,,
MIPU,PWD Torba ,Grounds Man ,78006717,PS 3.1   ,1001300,Vacant ,,,,,,,,,,
MIPU,CSU,Finance Manager ,78006004,PSS 5.1,1989000,Vacant ,,,,,,,,,,
MIPU,CSU,Public Relations Officer ,,PSS 5.1,1989000,Occupied (Contract),,,,,,,,,,
MIPU,CSU,Principal Compliance Officer ,78006003,PSS 5.1,1989000,Vacant ,,,,,,,,,,
MIPU,CSU,Internal Auditor ,78006010,PSS 5.1,1989000,Vacant ,,,,,,,,,,
MOJYCS,Coporate Service Unit ,Sector Project Coordinator ,10009,PSL 4.1,2893000,Vacant ,,,,,,,,,,
MOJYCS,Coporate Service Unit ,Capacity Development Officer ,10008,PSS 4.9,1924000,Vacant ,,,,,,,,,,
MOJYCS,Coporate Service Unit ,Convention Agaist Corruption Coordinator ,100022,PSS 5.5,2250000,Advertisement ,,,,,,,,,,
MOJYCS,Coporate Service Unit ,Torba Compliance ,100035,PSS 4.1,1400000,Filled (Internship),,,,,,,,,,
MOJYCS,DWA,EVAWG Officer,10078,PSS 5.1,1989000,Filled,,,,,,,,,,
MOJYCS,DWA,GPC Coordinator ,100102,PSS 5.1,1989000,Awaits Commission Decision ,,,,,,,,,,
MOJYCS,DWA,Driver/Messenger ,10091,PSS 2.1,1015000,Awaits Commission Decision ,,,,,,,,,,
MOJYCS,DWA,Programs Manager ,100101,PSL 3.1,2390000,Vacant ,,,,,,,,,,
MOJYCS,DWA,Womens Governance Coordinator ,10079,PSS 5.1,1989000,Occupied (Contract),,,,,,,,,,
MOJYCS,Malvatumauri Council of Chiefs,Maintenance Officer ,100580,PSS 1.1,652000,Vacant ,,,,,,,,,,
MOJYCS,Malvatumauri Council of Chiefs,Policy Development Officer ,100573,PST 2.1,1620000,Vacant ,,,,,,,,,,
MOJYCS,Malvatumauri Council of Chiefs,Ceremonial Officer ,100585,PSS 1.1,652000,Vacant ,,,,,,,,,,
MOJYCS,Youth & Sports ,Torba Sports Development Officer ,3613,PSO 4.1,1321000,Vacant ,,,,,,,,,,
MOJYCS,Youth & Sports ,Malampa Sports Development Officer ,3617,PSO 4.1,1321000,Vacant ,,,,,,,,,,
MOJYCS,Youth & Sports ,Senior Sports Training And Coordination Offier ,3604,PST 2.6,2114000,Filled,,,,,,,,,,
MOET,ESD,Curriculum Coordinator ,5400333,PO 6.3 ,2042700,Vacant ,,,,,,,,,,
MOET,ESD,Numeracy Coordinator ,54003344,PS 6.1 ,1906500,Vacant ,,,,,,,,,,
MOET,ESD,Literacy Coordinator ,54003346,PS 6.1 ,1906500,Vacant ,,,,,,,,,,
MOET,ESD,Literacy Officer ,54003347,PS 5.4 ,1694700,Vacant ,,,,,,,,,,
MOET,ESD,Desktop Publisher ,54003442,PS 5.1 ,1513100,Vacant ,,,,,,,,,,
MOET,ESD,Executive Secretary ,54003020,PS 4.3 ,1291200,Vacant ,,,,,,,,,,
MOET,ESD,Senior Secondary School Examination Office ,54003355,PS 7.1 ,2202300,Vacant ,,,,,,,,,,
MOET,ESD,Senior Secondary School Examination Office ,54003356,PS 6.1 ,1906500,Vacant ,,,,,,,,,,
MOET,ESD,Senior Secondary School Examination Office ,54003357,PS 6.1 ,1906500,Vacant ,,,,,,,,,,
MOET,ESD,Junior Secondary School Examination Office ,54003359,PO 6.3 ,2042700,Vacant ,,,,,,,,,,
MOET,ESD,School Improvement Officer ,54003322,PS 6.1 ,1906500,Vacant ,,,,,,,,,,
MOET,ESD,Primary Education Officer ,54003309,PS 5.1 ,1513100,Vacant ,,,,,,,,,,
MOET,ESD,TVET Coordinator ,54003315,PO 6.3 ,2042700,Vacant ,,,,,,,,,,
MOET,ESD,Provincial Maintenance Officer ,54003386,PS 4.1 ,1195500,Vacant ,,,,,,,,,,
MOET,ESD,Provincial Pre-School Coordinator ,54003405,PS 5.6 ,1815700,Vacant ,,,,,,,,,,
MOET,ESD,Senior Provincial Advisor ,54003429,PS 5.1 ,1513100,Vacant ,,,,,,,,,,
MOET,ESD,Provincial Primary Advisor ,54003435,PS 5.1 ,1513100,Vacant ,,,,,,,,,,
MOET,ESD,Deputy PEO ,54003381,PS 6.1 ,1906500,Vacant ,,,,,,,,,,
MOET,ESD,Provincial Primary Advisor ,54003436,PS 5.1 ,1513100,Vacant ,,,,,,,,,,
MOET,ESD,Provincial Secondary Advisor ,54003441,PS 5.1 ,1513100,Vacant ,,,,,,,,,,
MOIA,Corporate Service Unit ,Human Resource Officer ,577,PSS 5.1,1989000,Unknown Status,,,,,,,,,,
MOIA,Corporate Service Unit ,M&E Officer,580,PSS 5.1,1989000,Unknown Status,,,,,,,,,,
MOLNR ,Water ,CDO Sanma,5339,PSO 4.1,1321000,Occupied (Acting),,,,,,,,,,
MOLNR ,Water ,CDO Torba,,PSO 4.1,1321000,Recruitment Process,,,,,,,,,,
MOLNR ,Water ,Urban Water Technician-Penama,5355,PSS 3.1,1209000,Filled,,,,,,,,,,
MOLNR ,Water ,Urban Water Technician-Penama,5356,PSS 3.1,1209000,Filled,,,,,,,,,,
MOLNR ,Water ,Receptionist ,5363,PSS 1.5,827000,Vacant ,,,,,,,,,,
MOLNR ,Lands,Senior Planning & Enforcement ,5110,PSS 5.1,1989000,Vacant ,,,,,,,,,,
MOLNR ,Lands,Lands Officer Planning Santo,5113,PSS 4.1,1400000,Filled (Internship),,,,,,,,,,
MOLNR ,Lands,Revenue Collection Officer ,5111,PSS 4.1,1400000,Occupied (Acting),,,,,,,,,,
MOLNR ,Lands,Surveyor Cadaster ,5116,PSS 4.1,1400000,Occupied (Contract),,,,,,,,,,
MOLNR ,Lands,Finance Officer ,5010,PSS 4.1,1400000,Recruitment Process,,,,,,,,,,
MOLNR ,Lands,Senior Valuation & Lease ,6002,PST 3.1,2510000,Recruitment Process,,,,,,,,,,
MOLNR ,Lands,Research Officer,6005,PSO 3.1,1193000,Awaits Commission Decision ,,,,,,,,,,
MPM,,Executive Secretary to Director,52000059,PST 4.1,3167000,Unknown Status,,,,,,,,,,
MPM,,Communication and Public Relations ,52010055,PS 9.1,3408000,Unknown Status,,,,,,,,,,
OPSC,CSU,Finance and Administration Officer,568,PSS 5.1,1989000,Occupied (Contract),,,,,,,,,,
OPSC,HRM,Senior Perfornmance Officer ,456,PSS 5.5,2250000,Vacant ,,,,,,,,,,
OPSC,ODU,Principal Job Analyst ,456,PSS 6.1,2577000,Filled,,,,,,,,,,
OPSC,ODU,Principal Organization Perfornmance Audit & Evaluation,474,PSS 6.1,2577000,Advertisement ,,,,,,,,,,
OPSC,ODU,Organizational Development Officer ,488,PSS 4.1,1400000,Vacant ,,,,,,,,,,
OPSC,IPDU,Principal Officer ( Digital and Innovation),545,PSS 6.1,2577000,Filled,,,,,,,,,,
OPSC,VIPAM,Principal Development Officer ,489,PSS 6.1,2577000,Recruitment Process,,,,,,,,,,
OPSC,VIPAM,Senior Development Officer ,466,PSS 5.5,2250000,Filled (Internship),,,,,,,,,,
OPSC,CIU,Manager Compliance ,446,PSL 5.1,3397000,Occupied (Contract),,,,,,,,,,
MOH,CSU,Finance Manager ,8014,PSL 4.1,2893000,Recruitment Process,,,,,,,,,,
MOH,CSU,Principal Health Planner ,8083,PSS 6.1,2577000,Occupied (Contract),,,,,,,,,,
MOH,CSU,Executive Officer ,8002,PSL 5.1,3397000,Filled (Temporary),,,,,,,,,,
MOH,CSU,Executive Secretary ,8006,PSS 4.1,1400000,Recruitment Process,,,,,,,,,,
MOH,Curative & Hospital Services ,Medical Supretendent ,9016,LMO 8.1,6161000,Awaits Commission Decision ,,,,,,,,,,
MOH,Curative & Hospital Services ,Medical Supretendent ,10187,LMO 8.1,6161000,Awaits Commission Decision ,,,,,,,,,,
MOH,Curative & Hospital Services ,Medical Supretendent ,11343,LMO 8.1,6161000,Awaits Commission Decision ,,,,,,,,,,
MOH,Curative & Hospital Services ,Medical Supretendent ,11001,LMO 8.1,6161000,Awaits Commission Decision ,,,,,,,,,,
MOH,Curative & Hospital Services ,Medical Supretendent ,9869,LMO 8.1,6161000,Awaits Commission Decision ,,,,,,,,,,
MOH,Curative & Hospital Services ,Medical Supretendent ,11714,LMO 8.1,6161000,Awaits Commission Decision ,,,,,,,,,,
MOH,Curative & Hospital Services ,General Services and Support Manager ,9407,PSL 4.1,2893000,Vacant ,,,,,,,,,,
MOTC,Tourism ,Product Development Officer - Shefa,5840,PSS 4.1,1400000,Recruitment Process,,,,,,,,,,
MOTC,Tourism ,Product Development Officer - Malampa,5860,PSS 4.1,1400000,Advertisement ,,,,,,,,,,
MOTC,Tourism ,Manager Tourism Development - Torba,5819,PSS 4.4,1597000,Vacant ,,,,,,,,,,
MOTC,Industry ,Research & Product Development Officer,5685,PSS 4.1,1400000,Recruitment Process,,,,,,,,,,
MOTC,Industry ,Industry Development Officer - Malampa,5675,PSS 4.1,1400000,Recruitment Process,,,,,,,,,,
MOTC,Industry ,Industry Development Officer - Malampa,5690,PSS 4.1,1400000,Vacant ,,,,,,,,,,
MOTC,Industry ,Driver/Logistics,5684,PSS 2.1,1015000,Recruitment Process,,,,,,,,,,
MOTC,CSU,Manager Finance,5507,PSS 6.1,2577000,Vacant ,,,,,,,,,,
MOTC,CSU,Senior Administration Officer,5513,PSS 5.1,1989000,Vacant ,,,,,,,,,,
MOTC,CSU,"Senior Policy, Planning & Coordination  - Industry",5509,PSS 5.1,1989000,Recruitment Process,,,,,,,,,,
MOTC,CSU,"Senior Policy, Planning & Coordination  - Tourism",5511,PSS 5.1,1989000,Vacant ,,,,,,,,,,
MOTC,VAMU,Manager Trade,5514,PSS 6.1,2577000,Vacant ,,,,,,,,,,
MOTC,VAMU,Ecommerce Officer,5531,PSS 4.1,1400000,Vacant ,,,,,,,,,,
MOTC,VAMU,Senior Trade Analyst,5526,PSS 5.1,1989000,Vacant ,,,,,,,,,,
MOTC,OCBDS,Senior Audit Officer,5727,PSS 5.1,1989000,Vacant ,,,,,,,,,,
MOTC,OCBDS,Senior Regulation Officer ,5715,PSS 5.1,1989000,Vacant ,,,,,,,,,,
MOTC,OCBDS,Senior Complaint & Investigation Officer,5717,PSS 5.1,1989000,Vacant ,,,,,,,,,,
MOTC,OCBDS,Complaint and Dispute Officer,5723,PSS 4.1,1400000,Vacant ,,,,,,,,,,
MOTC,OCBDS,Senior Quality & Assurance Officer,5718,PSS 5.1,1989000,Vacant ,,,,,,,,,,
MOTC,OCBDS,Senior Malampa Provincial Officer,5739,PSS 5.1,1989000,Vacant ,,,,,,,,,,
MOTC,OCBDS,Compliance & Audit Officer - Malampa,5731,PSS 4.1,1400000,Vacant ,,,,,,,,,,
MOTC,OCBDS,Business Development Officer - Malampa,5745,PSS 4.1,1400000,Vacant ,,,,,,,,,,
MOTC,OCBDS,Senior Tafea Provincial Officer,5737,PSS 5.1,1989000,Vacant ,,,,,,,,,,
MOTC,OCBDS,Compliance & Audit Officer - Tafea,5729,PSS 4.1,1400000,Vacant ,,,,,,,,,,
MOTC,OCBDS,Compliance & Audit Officer - Torba,5734,PSS 4.1,1400000,Vacant ,,,,,,,,,,
MOTC,OCBDS,Senior Shefa Provincial Officer,5738,PSS 5.1,1989000,Vacant ,,,,,,,,,,
MOTC,OCBDS,Senior Penama Provincial Officer,5740,PSS 5.1,1989000,Vacant ,,,,,,,,,,
MOTC,OCBDS,Business Development Officer - Penama,5746,PSS 4.1,1400000,Vacant ,,,,,,,,,,
MOTC,OCBDS,Compliance & Audit Officer - Penama,5732,PSS 4.1,1400000,Vacant ,,,,,,,,,,
